Dates;SPLAC Index Last Price;SPLAC Index Total Return Index (Gross Dividends);MXLA Index Last Price;MXLA Index Total Return Index (Gross Dividends);SPX Index Last Price;SPX Index Total Return Index (Gross Dividends);USGG1M Index Last Price;USGG1M Index Total Return Index (Gross Dividends);USGG3M Index Last Price;USGG3M Index Total Return Index (Gross Dividends)
31/01/2005;1554.48;1554.48;1455.19;1455.19;1181.27;1181.27;2.01;2.01;2.4576;2.4576
28/02/2005;1750.06;1750.7192;1644.57;1645.367;1203.6;1206.1266;2.4778;2.4778;2.745;2.745
31/03/2005;1611.45;1615.534;1510.47;1514.7544;1180.59;1184.7677;2.6107;2.6107;2.7664;2.7664
29/04/2005;1571.05;1585.6989;1453.37;1469.4229;1156.85;1162.3012;2.6712;2.6712;2.8891;2.8891
31/05/2005;1680.26;1714.2144;1545.85;1574.2269;1191.5;1199.2817;2.7622;2.7622;2.9398;2.9398
30/06/2005;1790.74;1830.4365;1617.01;1650.1152;1191.33;1200.9864;2.9671;2.9671;3.1161;3.1161
29/07/2005;1890.3;1938.2235;1718.69;1759.2528;1234.18;1245.647;3.2208;3.2208;3.3933;3.3933
31/08/2005;2000.74;2052.776;1812.81;1857.6539;1220.33;1234.2828;3.3625;3.3625;3.4977;3.4977
30/09/2005;2311.65;2375.0202;2093.47;2148.2466;1228.81;1244.2793;3.1088;3.1088;3.5376;3.5376
31/10/2005;2213.65;2280.5322;1979.03;2035.8153;1207.01;1223.5418;3.7301;3.7301;3.8777;3.8777
30/11/2005;2376.93;2453.5834;2135.92;2200.8618;1249.48;1269.8153;3.9428;3.9428;3.9315;3.9315
30/12/2005;2389.73;2480.2789;2149.97;2222.1112;1248.29;1270.1967;3.9946;3.9946;4.074;4.074
31/01/2006;2796;2907.3721;2514.45;2606.1262;1280.09;1303.8371;4.1878;4.1878;4.46;4.46
28/02/2006;2774.05;2887.9779;2534.21;2630.2324;1280.66;1307.362;4.4629;4.4629;4.6156;4.6156
31/03/2006;2742.68;2861.6236;2469.4;2568.3135;1294.83;1323.6229;4.6272;4.6272;4.6023;4.6023
28/04/2006;2932.75;3075.0353;2650.57;2772.6779;1310.61;1341.392;4.5762;4.5762;4.7578;4.7578
31/05/2006;2527.61;2655.0525;2274.68;2384.5115;1270.09;1302.7869;4.7376;4.7376;4.833;4.833
30/06/2006;2628.68;2767.6435;2368.2;2486.1627;1270.2;1304.5142;4.464;4.464;4.9757;4.9757
31/07/2006;2694.69;2841.2601;2433.8;2559.1933;1276.66;1312.5653;5.0041;5.0041;5.0684;5.0684
31/08/2006;2696.77;2845.6254;2455.97;2585.0615;1303.82;1343.7973;5.1192;5.1192;5.0297;5.0297
29/09/2006;2740.27;2893.8194;2473.06;2605.1605;1335.85;1378.3943;4.5558;4.5558;4.8719;4.8719
31/10/2006;2953.11;3127.9293;2663.66;2812.3716;1377.94;1423.3049;5.1673;5.1673;5.0727;5.0727
30/11/2006;3108.4;3302.6929;2804.62;2972.3399;1400.63;1450.3725;5.2213;5.2213;5.0193;5.0193
29/12/2006;3319.11;3532.3828;2995.67;3179.5903;1418.3;1470.5919;4.7184;4.7184;5.0061;5.0061
31/01/2007;3398.88;3622.6114;3041.84;3234.8118;1438.24;1492.8295;4.9415;4.9415;5.1031;5.1031
28/02/2007;3263.19;3479.407;2957.57;3147.4857;1406.82;1463.6376;5.1761;5.1761;5.1239;5.1239
30/03/2007;3470.55;3707.7187;3163.2;3371.6197;1420.86;1479.9858;5.0558;5.0558;5.0276;5.0276
30/04/2007;3659.74;3926.5503;3320.98;3552.4409;1482.37;1545.549;4.749;4.749;4.8401;4.8401
31/05/2007;4079.42;4387.1131;3657.38;3923.0823;1530.62;1599.4655;4.8389;4.8389;4.7311;4.7311
29/06/2007;4124.51;4440.0206;3754.18;4030.4947;1503.35;1572.878;4.2295;4.2295;4.802;4.802
31/07/2007;4162.46;4486.3836;3804.6;4088.9349;1455.28;1524.1152;4.983;4.983;4.9406;4.9406
31/08/2007;4095.35;4421.6202;3683.02;3969.0452;1473.99;1546.9585;4.1588;4.1588;4.1059;4.1059
28/09/2007;4654.14;5029.6245;4139.64;4464.5382;1526.75;1604.7969;3.3522;3.3522;3.7956;3.7956
31/10/2007;5160.01;5591.0731;4616.41;5002.5579;1549.38;1630.3235;3.8928;3.8928;3.9112;3.9112
30/11/2007;4851.9;5259.4466;4349.27;4717.2869;1481.14;1563.4298;3.6586;3.6586;3.1445;3.1445
31/12/2007;4878.36;5297.6561;4400.41;4780.7917;1468.36;1552.5237;2.6067;2.6067;3.2368;3.2368
31/01/2008;4669.96;5084.1959;4118.52;4484.0992;1378.55;1459.3989;1.5777;1.5777;1.9409;1.9409
29/02/2008;5017.03;5468.4641;4475.34;4879.8347;1330.63;1411.9833;2.0768;2.0768;1.838;1.838
31/03/2008;4897.62;5344.273;4316.14;4713.4851;1322.7;1405.8789;1.2006;1.2006;1.3156;1.3156
30/04/2008;5303.78;5816.6037;4719.72;5178.345;1385.59;1474.3572;1.058;1.058;1.3772;1.3772
30/05/2008;5723.36;6285.7699;5148.87;5659.9924;1400.38;1493.4537;1.9851;1.9851;1.879;1.879
30/06/2008;5222.53;5740.2758;4751.47;5226.8012;1280;1367.538;1.5265;1.5265;1.7306;1.7306
31/07/2008;4805.8;5293.0611;4335.93;4776.6301;1267.38;1356.0422;1.5165;1.5165;1.6594;1.6594
29/08/2008;4454.43;4910.039;3965.62;4381.7351;1282.83;1375.6601;1.6036;1.6036;1.7103;1.7103
30/09/2008;3715.38;4098.7507;3186.4;3523.6341;1166.36;1253.0677;0.2028;0.2028;0.9044;0.9044
31/10/2008;2468.29;2734.6846;2172.92;2410.5998;968.75;1042.6139;0.1115;0.1115;0.436;0.436
28/11/2008;2315.68;2569.8708;2028.15;2254.854;896.24;967.8085;0.0101;0.0101;0.0406;0.0406
31/12/2008;2398.26;2683.0924;2077.68;2327.58;903.25;978.092;0.0051;0.0051;0.0761;0.0761
30/01/2009;2372.21;2655.6976;2071.14;2322.3698;825.88;895.6552;0.071;0.071;0.2262;0.2262
27/02/2009;2206.64;2470.5349;1962.5;2200.9322;735.09;800.287;0.1409;0.1409;0.2465;0.2465
31/03/2009;2401.94;2697.829;2171.4;2444.3421;797.87;870.3913;0.1267;0.1267;0.2009;0.2009
30/04/2009;2801.79;3167.2492;2528.39;2865.3715;872.81;953.6788;0.0385;0.0385;0.1247;0.1247
29/05/2009;3374.6;3827.4321;3043.38;3459.64;919.14;1006.9899;0.1318;0.1318;0.1298;0.1298
30/06/2009;3290.79;3739.0151;2974.67;3382.9879;919.32;1008.9829;0.1014;0.1014;0.1775;0.1775
31/07/2009;3568.24;4071.7113;3232.31;3691.35;987.48;1085.2933;0.1217;0.1217;0.1755;0.1755
31/08/2009;3632.45;4148.6471;3294.54;3769.8884;1020.63;1124.4551;0.0994;0.0994;0.1268;0.1268
30/09/2009;4070.04;4651.1963;3689.33;4223.9096;1057.08;1166.4097;0.0284;0.0284;0.1075;0.1075
30/10/2009;4125.17;4726.1669;3741.01;4294.6361;1036.2;1144.7298;0.0101;0.0101;0.0446;0.0446
30/11/2009;4530.94;5193.406;4052.68;4657.1558;1095.63;1213.3462;0.0669;0.0669;0.0466;0.0466
31/12/2009;4599.67;5291.492;4116.74;4753.0687;1115.1;1236.7791;0.0304;0.0304;0.0477;0.0477
29/01/2010;4123.91;4748.0604;3749.65;4331.5223;1073.87;1192.2911;0.0051;0.0051;0.069;0.069
26/02/2010;4320.74;4980.8799;3903.23;4521.8172;1104.49;1229.1993;0.076;0.076;0.1146;0.1146
31/03/2010;4627.14;5343.7062;4170.73;4841.3726;1169.43;1303.3779;0.145;0.145;0.1501;0.1501
30/04/2010;4593.19;5332.8425;4138.16;4825.4446;1186.69;1323.9457;0.1298;0.1298;0.1542;0.1542
31/05/2010;4134.71;4814.6446;3767.96;4410.3526;1089.41;1218.2316;0.1399;0.1399;0.1521;0.1521
30/06/2010;4023.23;4688.1235;3639.55;4263.206;1030.71;1154.4508;0.1572;0.1572;0.1704;0.1704
30/07/2010;4523.07;5274.2423;4070.72;4771.6089;1101.6;1235.3304;0.1349;0.1349;0.14;0.14
31/08/2010;4397.69;5141.374;3970.18;4667.473;1049.33;1179.5593;0.1501;0.1501;0.1268;0.1268
30/09/2010;4919.55;5756.4496;4381.8;5158.1807;1141.2;1284.8231;0.1328;0.1328;0.1532;0.1532
29/10/2010;5080.79;5954.5951;4515.59;5324.4872;1183.26;1333.7083;0.1247;0.1247;0.1105;0.1105
30/11/2010;4951.23;5811.9683;4354.05;5143.3406;1180.55;1333.8689;0.1501;0.1501;0.1552;0.1552
31/12/2010;5245.92;6177.2845;4613.65;5470.8878;1257.64;1423.0213;0.0537;0.0537;0.1197;0.1197
31/01/2011;4989.35;5881.7836;4402.62;5228.3757;1286.12;1456.7431;0.1318;0.1318;0.145;0.145
28/02/2011;5049.91;5956.4805;4486.18;5331.2406;1327.22;1506.6376;0.1146;0.1146;0.1349;0.1349
31/03/2011;5202.68;6157.5845;4632.17;5522.4239;1325.83;1507.2454;0.0507;0.0507;0.0913;0.0913
29/04/2011;5232.76;6217.4122;4634.16;5554.6717;1363.61;1551.87;0.0101;0.0101;0.0355;0.0355
31/05/2011;5044.84;6025.2078;4485.59;5403.1983;1345.2;1534.2989;0.0304;0.0304;0.0456;0.0456
30/06/2011;5026.71;6011.3402;4463.58;5385.3311;1320.64;1508.7216;0.0051;0.0051;0.0102;0.0102
29/07/2011;4808.75;5757.1652;4307.31;5202.5658;1292.28;1478.0331;0.1673;0.1673;0.0915;0.0915
31/08/2011;4529.12;5439.3593;4051.93;4924.2487;1218.89;1397.7313;0.0051;0.0051;0.0102;0.0102
30/09/2011;3761.14;4519.1722;3341.9;4064.6845;1131.42;1299.4759;0.0051;0.0051;0.0203;0.0203
31/10/2011;4399.85;5308.8369;3912.44;4777.801;1253.3;1441.498;0.0051;0.0051;-0.0152;-0.0152
30/11/2011;4193.79;5071.6559;3670.45;4493.6401;1246.96;1438.2978;0.0153;0.0153;0;0
30/12/2011;4160.51;5049.6683;3602.28;4423.7502;1257.61;1452.9836;-0.0051;-0.0051;0.0102;0.0102
31/01/2012;4532.65;5508.2716;4051.44;4982.096;1312.41;1518.095;0.0356;0.0356;0.0508;0.0508
29/02/2012;4755.05;5780.1954;4256.23;5239.0649;1365.68;1583.7411;0.0763;0.0763;0.0763;0.0763
30/03/2012;4654.56;5675.8385;4107.8;5071.8247;1408.47;1635.7723;0.0305;0.0305;0.0661;0.0661
30/04/2012;4442.56;5454.7071;3923.65;4883.8246;1397.91;1625.4951;0.061;0.061;0.0915;0.0915
31/05/2012;3883.64;4789.7684;3393.75;4243.9456;1310.33;1527.8037;0.0254;0.0254;0.0659;0.0659
29/06/2012;4053.58;5005.0753;3521.49;4408.899;1362.16;1590.7559;0.0305;0.0305;0.0811;0.0811
31/07/2012;4114.36;5084.8118;3566.3;4467.9716;1379.32;1612.8449;0.0458;0.0458;0.0963;0.0963
31/08/2012;4065.41;5029.897;3540.46;4442.8223;1406.58;1649.2021;0.0811;0.0811;0.071;0.071
28/09/2012;4167.45;5157.3897;3674.66;4614.7109;1440.67;1691.815;0.0558;0.0558;0.0913;0.0913
31/10/2012;4137.32;5139.8235;3647.28;4596.8466;1412.16;1660.5775;0.0811;0.0811;0.1065;0.1065
30/11/2012;4058.36;5053.3628;3580.31;4521.4715;1416.18;1670.2064;0.1065;0.1065;0.0761;0.0761
31/12/2012;4297.97;5376.2086;3797.81;4814.1788;1426.19;1685.3628;0.0152;0.0152;0.0406;0.0406
31/01/2013;4465.86;5589.1699;3937.81;4994.7473;1498.11;1772.6488;0.0355;0.0355;0.071;0.071
28/02/2013;4270.02;5347.5841;3824.58;4857.3919;1514.68;1796.701;0.0659;0.0659;0.1014;0.1014
29/03/2013;4277.39;5374.1245;3816.11;4858.588;1569.19;1864.0859;0.0253;0.0253;0.071;0.071
30/04/2013;4223.89;5350.9167;3775.82;4846.7696;1597.57;1899.997;0.0304;0.0304;0.0456;0.0456
31/05/2013;3945.43;5008.8296;3505.39;4513.5377;1630.74;1944.4193;0.0152;0.0152;0.0253;0.0253
28/06/2013;3638.17;4623.4395;3187.22;4107.6162;1606.28;1918.3131;0.0051;0.0051;0.0304;0.0304
31/07/2013;3573.94;4548.076;3152.26;4066.3317;1685.73;2015.9243;0.0203;0.0203;0.0355;0.0355
30/08/2013;3445.76;4395.8382;3047.13;3939.4906;1632.97;1957.5182;0.0203;0.0203;0.0203;0.0203
30/09/2013;3760.19;4807.8097;3303.1;4277.7945;1681.55;2018.9104;0.0203;0.0203;0.0051;0.0051
31/10/2013;3908.23;5007.1829;3453.42;4482.9236;1756.54;2111.7054;0.0253;0.0253;0.0355;0.0355
29/11/2013;3753.86;4820.0349;3291.73;4284.0299;1805.81;2176.0444;0.0456;0.0456;0.0558;0.0558
31/12/2013;3664.49;4723.1488;3200.8;4179.0024;1848.36;2230.9851;0.0101;0.0101;0.0659;0.0659
31/01/2014;3286.39;4242.9489;2894.2;3784.278;1782.59;2153.8505;0.0304;0.0304;0.0203;0.0203
28/02/2014;3353.73;4341.7863;2940.73;3854.4693;1859.45;2252.3567;0.0406;0.0406;0.0456;0.0456
31/03/2014;3612.12;4684.3861;3194.2;4195.3311;1872.34;2271.2944;0.0203;0.0203;0.0304;0.0304
30/04/2014;3718.02;4864.4479;3253.91;4311.0855;1883.95;2288.0779;0.0152;0.0152;0.0253;0.0253
30/05/2014;3668.54;4809.0402;3242.46;4309.4474;1923.57;2341.769;0.0355;0.0355;0.0304;0.0304
30/06/2014;3789.02;4972.5862;3369.95;4485.8962;1960.23;2390.1459;0.0051;0.0051;0.0203;0.0203
31/07/2014;3869.84;5087.958;3399.43;4533.2788;1930.67;2357.1803;0;0;0.0203;0.0203
29/08/2014;4200.7;5533.3152;3663.52;4894.2771;2003.37;2451.4706;0.0101;0.0101;0.0203;0.0203
30/09/2014;3646.52;4810.8554;3170.51;4241.8266;1972.29;2417.0953;0.0101;0.0101;0.0152;0.0152
31/10/2014;3618.68;4787.5147;3158.31;4237.2122;2018.05;2476.1215;-0.0051;-0.0051;0.0051;0.0051
28/11/2014;3506.75;4645.7524;3008.49;4042.7823;2067.56;2542.6853;0.0355;0.0355;0.0101;0.0101
31/12/2014;3169.35;4208.0048;2727.69;3674.1954;2058.9;2536.1423;0.0101;0.0101;0.0355;0.0355
30/01/2015;2986.89;3973.0633;2555.44;3447.2107;1994.99;2460.0116;0.0101;0.0101;0;0
27/02/2015;3136.15;4185.1192;2654.03;3592.9923;2104.5;2601.3887;0.0203;0.0203;0.0101;0.0101
31/03/2015;2897.39;3873.9195;2451.4;3325.1559;2067.89;2560.2565;0.0101;0.0101;0.0203;0.0203
30/04/2015;3172.07;4252.6691;2692.91;3668.0455;2085.51;2584.8096;-0.0152;-0.0152;0;0
29/05/2015;2937.99;3948.3485;2496.37;3411.2672;2107.39;2618.0534;0;0;0;0
30/06/2015;2951.32;3975.1172;2517.48;3445.4299;2063.11;2567.3727;-0.0101;-0.0101;0.0051;0.0051
31/07/2015;2688.84;3625.3518;2304.76;3157.8164;2103.84;2621.1704;0.0203;0.0203;0.061;0.061
31/08/2015;2420.36;3270.5987;2057.43;2826.2688;1972.18;2463.0138;0;0;0;0
30/09/2015;2230.32;3017.5444;1894.55;2609.805;1920.03;2402.0803;-0.0203;-0.0203;-0.0203;-0.0203
30/10/2015;2339.09;3170.2357;2006.92;2769.2959;2079.36;2604.7011;0;0;0.0712;0.0712
30/11/2015;2247.45;3051.5425;1919.27;2653.7698;2080.41;2612.4508;0.0915;0.0915;0.1678;0.1678
31/12/2015;2127.53;2903.6184;1829.81;2541.5978;2043.94;2571.0111;0.122;0.122;0.1627;0.1627
29/01/2016;2038.89;2783.8;1744.05;2425.1416;1940.24;2443.4233;0.2186;0.2186;0.3103;0.3103
29/02/2016;2067.74;2834.0114;1804.02;2517.0894;1932.23;2440.1308;0.2186;0.2186;0.3154;0.3154
31/03/2016;2495.24;3426.058;2168.49;3030.3005;2059.74;2605.6586;0.1678;0.1678;0.1983;0.1983
29/04/2016;2689.51;3696.9722;2292.06;3211.8783;2065.3;2615.7662;0.1525;0.1525;0.2085;0.2085
31/05/2016;2341.7;3226.621;2038.23;2866.3709;2096.96;2662.7304;0.1779;0.1779;0.2849;0.2849
30/06/2016;2619.81;3613.7458;2269.34;3194.8377;2098.86;2669.6412;0.1678;0.1678;0.2587;0.2587
29/07/2016;2760.25;3813.5026;2391.35;3371.4619;2173.6;2768.0562;0.1779;0.1779;0.2536;0.2536
31/08/2016;2798.71;3877.4241;2401.7;3395.5039;2170.95;2771.9515;0.2687;0.2687;0.3298;0.3298
30/09/2016;2774.19;3845.6324;2380.82;3367.7412;2168.27;2772.4691;0.1825;0.1825;0.2739;0.2739
31/10/2016;3074.59;4270.2009;2612.34;3702.9613;2126.15;2721.8944;0.1622;0.1622;0.2993;0.2993
30/11/2016;2781.5;3870.7859;2329.98;3310.5678;2198.81;2822.7032;0.36;0.36;0.4771;0.4771
30/12/2016;2748.31;3845.6011;2340.65;3341.7149;2238.83;2878.3079;0.4158;0.4158;0.4974;0.4974
31/01/2017;3008.33;4212.527;2516.32;3596.5215;2278.87;2932.8988;0.4614;0.4614;0.5127;0.5127
28/02/2017;3105.51;4360.114;2600.09;3726.0064;2363.64;3049.3504;0.4259;0.4259;0.6042;0.6042
31/03/2017;3145.06;4423.124;2611.1;3747.1116;2362.72;3052.9074;0.7253;0.7253;0.7516;0.7516
28/04/2017;3101.08;4377.4395;2600.69;3749.2876;2384.2;3084.264;0.6593;0.6593;0.7923;0.7923
31/05/2017;2998.81;4243.1894;2532.31;3662.8324;2411.8;3127.6658;0.8573;0.8573;0.9706;0.9706
30/06/2017;3019.24;4280.5854;2544.13;3688.3637;2423.41;3147.1852;0.8369;0.8369;1.0113;1.0113
31/07/2017;3276.25;4649.658;2751.96;3994.3333;2470.3;3211.8982;0.979;0.979;1.0724;1.0724
31/08/2017;3429.01;4877.5894;2873.1;4179.9162;2471.65;3221.7303;0.9042;0.9042;0.991;0.991
29/09/2017;3480.19;4953.4507;2916.69;4246.0894;2519.36;3288.1893;0.9334;0.9334;1.0405;1.0405
31/10/2017;3368.15;4798.4384;2809.31;4093.6169;2575.26;3364.9151;0.9714;0.9714;1.1312;1.1312
30/11/2017;3241.59;4624.6127;2719.26;3971.34;2647.58;3468.1216;1.1238;1.1238;1.256;1.256
29/12/2017;3400.85;4878.2416;2828.15;4150.8496;2673.61;3506.4345;1.2252;1.2252;1.3757;1.3757
31/01/2018;3868.93;5550.6644;3197.96;4697.4011;2823.81;3707.1153;1.3753;1.3753;1.4551;1.4551
28/02/2018;3730.24;5377.3883;3067.52;4529.7053;2713.83;3570.4719;1.4921;1.4921;1.6518;1.6518
30/03/2018;3695.87;5341.2347;3032.91;4487.6055;2640.87;3479.7406;1.6113;1.6113;1.7001;1.7001
30/04/2018;3628.6;5253.3797;2987.53;4431.6729;2648.05;3493.0881;1.6188;1.6188;1.7996;1.7996
31/05/2018;3104.26;4506.2263;2560.53;3811.0815;2705.27;3577.1923;1.736;1.736;1.8946;1.8946
29/06/2018;2961.4;4308.807;2477.08;3695.0867;2718.37;3599.2114;1.7434;1.7434;1.9123;1.9123
31/07/2018;3289.93;4791.8276;2702.23;4036.5198;2816.29;3733.1576;1.8854;1.8854;2.0203;2.0203
31/08/2018;2994.93;4385.4399;2463.79;3700.2196;2901.52;3854.7957;1.9287;1.9287;2.0938;2.0938
28/09/2018;3123.08;4577.9112;2576.51;3874.4764;2913.98;3876.7363;2.1067;2.1067;2.1964;2.1964
31/10/2018;3273.35;4799.8794;2664.27;4008.6854;2711.74;3611.7526;2.1886;2.1886;2.3251;2.3251
30/11/2018;3185.91;4682.6832;2599.59;3921.7876;2760.17;3685.3435;2.3049;2.3049;2.3424;2.3424
31/12/2018;3092.73;4571.5651;2565.92;3894.7779;2506.85;3352.3881;2.425;2.425;2.3549;2.3549
31/01/2019;3540.76;5235.4958;2947.57;4477.6031;2704.1;3621.0296;2.3891;2.3891;2.3839;2.3839
28/02/2019;3387.65;5050.3871;2821.18;4312.3045;2784.49;3737.2934;2.4043;2.4043;2.4326;2.4326
29/03/2019;3304.79;4933.0671;2746.11;4203.9541;2834.4;3809.9176;2.4243;2.4243;2.3809;2.3809
30/04/2019;3330.26;4983.5092;2748.79;4223.2551;2945.83;3964.1784;2.4189;2.4189;2.4099;2.4099
31/05/2019;3208.38;4817.8478;2683.71;4139.86;2752.06;3712.2593;2.3172;2.3172;2.3399;2.3399
28/06/2019;3385.93;5098.8159;2843.62;4395.7938;2941.76;3973.8889;2.1259;2.1259;2.0868;2.0868
31/07/2019;3306.41;4984.7184;2843.65;4401.8218;2980.38;4031.0044;1.9878;1.9878;2.0616;2.0616
30/08/2019;3054.15;4619.0876;2600.89;4044.7885;2926.46;3967.1531;2.0849;2.0849;1.9765;1.9765
30/09/2019;3146.5;4763.5997;2666.97;4151.1444;2976.74;4041.3814;1.8581;1.8581;1.8071;1.8071
31/10/2019;3296.4;4992.5344;2777.45;4336.2842;3037.56;4128.9068;1.5393;1.5393;1.524;1.524
29/11/2019;3119.54;4738.0144;2656.99;4158.5504;3140.98;4278.7857;1.5931;1.5931;1.5672;1.5672
31/12/2019;3396.41;5189.1086;2917.73;4591.4686;3230.78;4407.6415;1.4299;1.4299;1.5436;1.5436
31/01/2020;3133.64;4791.4016;2751.56;4336.095;3225.52;4405.7049;1.5243;1.5243;1.5382;1.5382
28/02/2020;2773.97;4254.7339;2411.76;3813.8964;2954.22;4043.0212;1.43;1.43;1.267;1.267
31/03/2020;1808.19;2780.4662;1576.6;2499.6147;2584.59;3543.6595;0.0076;0.0076;0.061;0.061
30/04/2020;1894.83;2925.4277;1670.47;2657.7845;2912.43;3997.935;0.0482;0.0482;0.0788;0.0788
29/05/2020;2022.87;3130.0793;1774.53;2830.8386;3044.31;4188.3563;0.1115;0.1115;0.1246;0.1246
30/06/2020;2145.2;3321.2026;1866.55;2979.8405;3100.29;4271.6509;0.0913;0.0913;0.1293;0.1293
31/07/2020;2331.97;3615.8576;2066.82;3306.4621;3271.12;4512.4947;0.0811;0.0811;0.0837;0.0837
31/08/2020;2198.36;3414.4384;1935.44;3101.4495;3500.31;4836.8644;0.0811;0.0811;0.0938;0.0938
30/09/2020;2085.82;3259.2494;1828.16;2942.9302;3363;4653.0791;0.0659;0.0659;0.0915;0.0915
30/10/2020;2087.08;3261.9133;1806.43;2909.8062;3269.96;4529.336;0.076;0.076;0.0864;0.0864
30/11/2020;2598.37;4069.7643;2196.83;3546.5714;3621.63;5025.1256;0.076;0.076;0.0712;0.0712
31/12/2020;2924.59;4592.8249;2451.76;3970.2851;3756.07;5218.1444;0.0304;0.0304;0.0583;0.0583
29/01/2021;2700.78;4245.2099;2285;3703.7501;3714.24;5165.0372;0.0456;0.0456;0.0482;0.0482
26/02/2021;2639.01;4153.9101;2214.07;3593.4667;3811.15;5307.4668;0.0152;0.0152;0.033;0.033
31/03/2021;2722.58;4319.691;2302.17;3761.0235;3972.89;5539.8887;-0.0025;-0.0025;0.0152;0.0152
30/04/2021;2786.64;4441.4347;2375.63;3901.2337;4181.17;5835.5422;-0.0025;-0.0025;0.0025;0.0025
31/05/2021;3025.21;4832.3632;2559.75;4215.69;4204.11;5876.3059;-0.0076;-0.0076;0.0025;0.0025
30/06/2021;3127.19;5015.1672;2620.49;4330.0835;4297.5;6013.4697;0.038;0.038;0.0406;0.0406
30/07/2021;2940.3;4724.0175;2509.38;4154.8509;4395.26;6156.3088;0.033;0.033;0.0406;0.0406
31/08/2021;2914.43;4718.6251;2514.72;4190.336;4522.68;6343.5011;0.0253;0.0253;0.0355;0.0355
30/09/2021;2569.75;4226.8896;2228.33;3758.8721;4307.54;6048.3768;0.0431;0.0431;0.033;0.033
29/10/2021;2420.98;3984.3337;2108.51;3561.2458;4605.38;6472.1398;0.0482;0.0482;0.0482;0.0482
30/11/2021;2297.81;3802.7634;2036.85;3457.1204;4567;6427.1567;0.0963;0.0963;0.0456;0.0456
31/12/2021;2382.58;4007.4384;2129.86;3667.7221;4766.18;6714.7632;0.0152;0.0152;0.0304;0.0304
31/01/2022;2583.88;4348.4485;2285.13;3938.5911;4515.55;6367.2837;0.0304;0.0304;0.18;0.18
28/02/2022;2723.51;4586.794;2393.11;4129.2478;4373.94;6176.6359;0.0482;0.0482;0.2917;0.2917
31/03/2022;3051.86;5190.4763;2686.24;4670.0603;4530.41;6405.9653;0.109;0.109;0.4822;0.4822
29/04/2022;2598.84;4475.5667;2313.83;4067.5657;4131.93;5847.3629;0.2966;0.2966;0.8229;0.8229
31/05/2022;2770.63;4860.71;2463.26;4403.0677;4132.15;5858.1591;0.7025;0.7025;1.0392;1.0392
30/06/2022;2290.75;4028.6099;2041.09;3656.7604;3785.38;5374.4157;0.9461;0.9461;1.6262;1.6262
29/07/2022;2392.4;4209.0907;2127.21;3812.7815;4130.29;5869.9743;2.1226;2.1226;2.3168;2.3168
31/08/2022;2387.15;4358.6733;2126.27;3920.3026;3955;5630.5814;2.2214;2.2214;2.9003;2.9003
30/09/2022;2325.34;4253.4527;2054.56;3793.2271;3585.62;5111.8704;2.6366;2.6366;3.2466;3.2466
31/10/2022;2531.4;4630.9881;2251.54;4160.6176;3871.98;5525.7447;3.5965;3.5965;4.0559;4.0559
30/11/2022;2529.38;4707.4816;2233.18;4182.7964;4080.11;5834.5463;3.922;3.922;4.3196;4.3196
30/12/2022;2378.74;4465.6876;2128.29;4018.6655;3839.5;5497.807;3.9764;3.9764;4.3429;4.3429
31/01/2023;2631.96;4949.663;2334.45;4416.6489;4076.6;5843.2272;4.5065;4.5065;4.6415;4.6415
28/02/2023;2458.83;4632.8706;2186.05;4143.3923;3970.15;5700.2315;4.5882;4.5882;4.7687;4.7687
31/03/2023;2454.8;4656.3618;2193.97;4181.05;4109.31;5909.4062;4.403;4.403;4.693;4.693
28/04/2023;2492.53;4790.0819;2229.83;4295.488;4169.48;6001.6445;4.0865;4.0865;5.0302;5.0302
31/05/2023;2487.24;4803.369;2198.34;4263.8841;4179.83;6027.7435;5.1133;5.1133;5.3884;5.3884
30/06/2023;2763.44;5402.6593;2440.05;4780.0844;4450.38;6426.0194;5.1065;5.1065;5.2836;5.2836
31/07/2023;2894.13;5665.3435;2562.18;5027.255;4588.96;6632.4553;5.3466;5.3466;5.4001;5.4001
31/08/2023;2632.9;5201.721;2359.65;4664.2046;4507.66;6526.8555;5.3622;5.3622;5.4354;5.4354
29/09/2023;2576.98;5101.4295;2301.44;4558.2705;4288.05;6215.6651;5.3448;5.3448;5.4459;5.4459
31/10/2023;2497.24;4954.035;2187.32;4341.7067;4193.8;6084.9757;5.3842;5.3842;5.4623;5.4623
30/11/2023;2780.12;5581.2295;2471.42;4952.9308;4567.8;6640.692;5.3673;5.3673;5.3876;5.3876
29/12/2023;2970.09;5995.1982;2662.81;5368.2223;4769.83;6941.5904;5.3978;5.3978;5.3323;5.3323
31/01/2024;2842.45;5740.0711;2533.72;5111.1932;4845.65;7058.1648;5.3578;5.3578;5.3597;5.3597
29/02/2024;2864.79;5811.3197;2520.67;5103.3839;5096.27;7435.0362;5.3903;5.3903;5.3798;5.3798
29/03/2024;2877.81;5877.168;2534.75;5158.9572;5254.35;7674.2483;5.3448;5.3448;5.3618;5.3618
30/04/2024;2764.23;5676.3442;2432.31;4980.1281;5035.69;7360.8008;5.3688;5.3688;5.3918;5.3918
31/05/2024;2705.74;5604.0942;2337.69;4826.5081;5277.51;7725.7901;5.3506;5.3506;5.4009;5.4009
28/06/2024;2523.54;5281.2462;2179.09;4538.0861;5460.48;8002.9821;5.3148;5.3148;5.3549;5.3549
31/07/2024;2525.56;5291.8052;2198.62;4587.115;5522.3;8100.3986;5.3662;5.3662;5.284;5.284
30/08/2024;2615.7;5526.8165;2238.81;4708.1427;5648.4;8296.8944;5.2579;5.2579;5.1117;5.1117
30/09/2024;2612.26;5529.3184;2237.43;4714.6273;5762.48;8474.0675;4.8134;4.8134;4.6169;4.6169
31/10/2024;2482.47;5258.3003;2120.28;4472.6237;5705.45;8396.5029;4.6661;4.6661;4.5418;4.5418
29/11/2024;2328.18;4943.1957;1998.71;4228.1374;6032.38;8889.3775;4.6123;4.6123;4.4858;4.4858
31/12/2024;2163.92;4670.5279;1852.59;3974.0787;5881.63;8676.8122;4.2713;4.2713;4.3144;4.3144
31/01/2025;2370.49;5123.7874;2026.16;4353.1487;6040.53;8917.9649;4.283;4.283;4.2839;4.2839
28/02/2025;2298.92;4995.2875;1980.01;4274.815;5954.5;8801.5892;4.2932;4.2932;4.2942;4.2942
31/03/2025;2406.22;5267.8859;2064.52;4484.3363;5611.85;8305.6729;4.2978;4.2978;4.2937;4.2937
30/04/2025;2529.66;5572.0864;2193.79;4797.2522;5569.06;8249.3496;4.2891;4.2891;4.2859;4.2859
30/05/2025;2554.48;5662.5711;2213.68;4877.0747;5911.69;8768.6147;4.2626;4.2626;4.333;4.333
30/06/2025;2694.58;6005.0656;2339.49;5175.8774;6204.95;9214.4839;4.2085;4.2085;4.2911;4.2911
31/07/2025;2563.84;5723.1927;2231.77;4947.0892;6339.39;9421.2836;4.3549;4.3549;4.3372;4.3372
29/08/2025;2770.04;6229.1904;2399.92;5357.6218;6460.26;9612.2702;4.308;4.308;4.1391;4.1391
30/09/2025;2951.5;6644.8246;2552.36;5709.711;6688.46;9962.1989;4.1009;4.1009;3.9323;3.9323
31/10/2025;3003.67;6769.1445;2574.02;5763.1078;6840.2;10195.4503;3.8978;3.8978;3.8007;3.8007
28/11/2025;3172.24;7166.3863;2721.59;6114.3705;6849.09;10220.4414;3.908;3.908;3.7956;3.7956
31/12/2025;3133.49;7217.9037;2709.3;6188.218;6845.5;10226.4895;3.5904;3.5904;3.6264;3.6264
