Tickers;Sector
MINEROS CB Equity;Materials
VOLCABC1 PE Equity;Materials
PE&OLES* MM Equity;Materials
COGN3 BZ Equity;Consumer Discretionary
MOVI3 BZ Equity;Industrials
MDNE3 BZ Equity;Real Estate
ECOR3 BZ Equity;Industrials
CAMANCHA CI Equity;Consumer Staples
LAVV3 BZ Equity;Real Estate
FABRI CB Equity;Consumer Discretionary
DASA3 BZ Equity;Health Care
JHSF3 BZ Equity;Real Estate
OROB CI Equity;Financials
VTRU3 BZ Equity;Consumer Discretionary
CSMG3 BZ Equity;Utilities
SEER3 BZ Equity;Consumer Discretionary
SALFACOR CI Equity;Industrials
BESALCO CI Equity;Industrials
TRIS3 BZ Equity;Consumer Discretionary
PGMN3 BZ Equity;Consumer Staples
SCHWAGER CI Equity;Industrials
ALPK3 BZ Equity;Industrials
MNPR3 BZ Equity;Consumer Staples
CSED3 BZ Equity;Consumer Discretionary
ANIM3 BZ Equity;Consumer Discretionary
CURY3 BZ Equity;Consumer Discretionary
NORTEG CI Equity;Financials
HITES CI Equity;Consumer Discretionary
TEND3 BZ Equity;Consumer Discretionary
EXITO CB Equity;Consumer Staples
AXIA3 BZ Equity;Utilities
ITAUCL CI Equity;Financials
CIBEST CB Equity;Financials
MALLPLAZ CI Equity;Real Estate
CYRE3 BZ Equity;Consumer Discretionary
GENTERA* MM Equity;Financials
RIAA3 BZ Equity;Consumer Discretionary
DIRR3 BZ Equity;Consumer Discretionary
PARAUCO CI Equity;Real Estate
AAISA CI Equity;Financials
ENEV3 BZ Equity;Utilities
HABITAT CI Equity;Financials
HBOR3 BZ Equity;Real Estate
CORFER CB Equity;Communication Services
BMOB3 BZ Equity;Communication Services
LTM CI Equity;Industrials
FIQE3 BZ Equity;Communication Services
PLANVI CI Equity;Financials
ORVR3 BZ Equity;Industrials
TERPEL CB Equity;Consumer Discretionary
FALAB CI Equity;Consumer Discretionary
VIVA3 BZ Equity;Consumer Discretionary
CPFE3 BZ Equity;Utilities
NITRATOS CI Equity;Materials
GMEXICOB MM Equity;Materials
VULC3 BZ Equity;Consumer Discretionary
RDOR3 BZ Equity;Health Care
AVAL CB Equity;Financials
EZTC3 BZ Equity;Consumer Discretionary
NEOE3 BZ Equity;Utilities
ALMEN CI Equity;Communication Services
MILS3 BZ Equity;Industrials
CEAB3 BZ Equity;Consumer Discretionary
WIZC3 BZ Equity;Financials
PLPL3 BZ Equity;Consumer Discretionary
ENTEL CI Equity;Communication Services
ALOS3 BZ Equity;Real Estate
TIMS3 BZ Equity;Communication Services
SOCOVESA CI Equity;Consumer Discretionary
CHILE CI Equity;Financials
DESK3 BZ Equity;Communication Services
CPLE3 BZ Equity;Utilities
VBBR3 BZ Equity;Consumer Discretionary
SBSP3 BZ Equity;Utilities
ALLD3 BZ Equity;Information Technology
OPCT3 BZ Equity;Industrials
TOTS3 BZ Equity;Information Technology
EMBJ3 BZ Equity;Industrials
EVEN3 BZ Equity;Consumer Discretionary
BSAN CI Equity;Financials
LOGG3 BZ Equity;Real Estate
ENKA CB Equity;Materials
SK CI Equity;Industrials
PINFRA* MM Equity;Industrials
SYNE3 BZ Equity;Real Estate
CVCB3 BZ Equity;Consumer Discretionary
RIPLEY CI Equity;Consumer Discretionary
ISA CB Equity;Utilities
BHI CB Equity;Financials
BICE CI Equity;Financials
CENCOMAL CI Equity;Real Estate
YDUQ3 BZ Equity;Consumer Discretionary
HBRE3 BZ Equity;Real Estate
ECL CI Equity;Utilities
MOTV3 BZ Equity;Industrials
PFRM3 BZ Equity;Health Care
CBAV3 BZ Equity;Materials
MELK3 BZ Equity;Real Estate
IGTI3 BZ Equity;Real Estate
MATD3 BZ Equity;Health Care
QUAL3 BZ Equity;Health Care
ENELGXCH CI Equity;Utilities
VIVT3 BZ Equity;Communication Services
SIMH3 BZ Equity;Industrials
EQTL3 BZ Equity;Utilities
VALE3 BZ Equity;Materials
PCAR3 BZ Equity;Consumer Staples
MGLU3 BZ Equity;Consumer Discretionary
GRUPOSUR CB Equity;Financials
MTRE3 BZ Equity;Real Estate
RENT3 BZ Equity;Industrials
JSLG3 BZ Equity;Industrials
IAM CI Equity;Utilities
FERREYC1 PE Equity;Industrials
MRVE3 BZ Equity;Consumer Discretionary
NEMAKA MM Equity;Consumer Discretionary
TGMA3 BZ Equity;Industrials
CELSIA CB Equity;Utilities
SMFT3 BZ Equity;Consumer Discretionary
UGPA3 BZ Equity;Consumer Discretionary
QUINENC CI Equity;Industrials
HBSA3 BZ Equity;Industrials
ZOFRI CI Equity;Real Estate
OMAB MM Equity;Industrials
CASH3 BZ Equity;Communication Services
PSSA3 BZ Equity;Financials
BBVAC1 PE Equity;Financials
CAP CI Equity;Materials
TECN3 BZ Equity;Consumer Discretionary
ESPA3 BZ Equity;Consumer Discretionary
SMSAAM CI Equity;Industrials
OFSA3 BZ Equity;Health Care
FLRY3 BZ Equity;Health Care
MELON CI Equity;Materials
MANQUEHU CI Equity;Consumer Discretionary
KIMBERA MM Equity;Consumer Staples
FORUS CI Equity;Consumer Discretionary
GFNORTEO MM Equity;Financials
B3SA3 BZ Equity;Financials
MULT3 BZ Equity;Real Estate
HYPE3 BZ Equity;Health Care
ENELCHIL CI Equity;Utilities
AURE3 BZ Equity;Utilities
LEVE3 BZ Equity;Consumer Discretionary
BRST3 BZ Equity;Communication Services
ABC CI Equity;Consumer Discretionary
GAPB MM Equity;Industrials
GGPS3 BZ Equity;Industrials
CENCOSUD CI Equity;Consumer Staples
MBRF3 BZ Equity;Consumer Staples
BEEF3 BZ Equity;Consumer Staples
LPSB3 BZ Equity;Real Estate
ASAI3 BZ Equity;Consumer Staples
GEB CB Equity;Utilities
GRND3 BZ Equity;Consumer Discretionary
AGUAS/A CI Equity;Utilities
MEAL3 BZ Equity;Consumer Discretionary
SIGMAFA MM Equity;Consumer Staples
LWSA3 BZ Equity;Information Technology
EGIE3 BZ Equity;Utilities
RA MM Equity;Financials
CSUD3 BZ Equity;Financials
MLAS3 BZ Equity;Information Technology
ABEV3 BZ Equity;Consumer Staples
AMXB MM Equity;Communication Services
MASISA CI Equity;Materials
CXSE3 BZ Equity;Financials
SBFG3 BZ Equity;Consumer Discretionary
BBVACOL CB Equity;Financials
IRBR3 BZ Equity;Financials
SITES1 MM Equity;Communication Services
MDIA3 BZ Equity;Consumer Staples
ALSEA* MM Equity;Consumer Discretionary
CORFICOL CB Equity;Financials
ECOPETL CB Equity;Energy
ASURB MM Equity;Industrials
ANTAR CI Equity;Industrials
COLBUN CI Equity;Utilities
TTEN3 BZ Equity;Consumer Staples
BBAJIOO MM Equity;Financials
FRAS3 BZ Equity;Consumer Discretionary
LACOMUBC MM Equity;Consumer Staples
ONCO3 BZ Equity;Health Care
COPEC CI Equity;Consumer Discretionary
DEXP3 BZ Equity;Materials
PRNR3 BZ Equity;Industrials
ENGIEC1 PE Equity;Utilities
UNACEMC1 PE Equity;Materials
AC* MM Equity;Consumer Staples
LREN3 BZ Equity;Consumer Discretionary
KEPL3 BZ Equity;Industrials
BOLSAA MM Equity;Financials
LIGT3 BZ Equity;Utilities
BLAU3 BZ Equity;Health Care
CMIN3 BZ Equity;Materials
CEMARGOS CB Equity;Materials
BBSE3 BZ Equity;Financials
SAUD3 BZ Equity;Health Care
DMVF3 BZ Equity;Consumer Staples
Q* MM Equity;Financials
RADL3 BZ Equity;Consumer Staples
BHIA3 BZ Equity;Consumer Discretionary
BIMBOA MM Equity;Consumer Staples
VESTA* MM Equity;Real Estate
PETZ3 BZ Equity;Consumer Discretionary
VAPORES CI Equity;Industrials
ENELAM CI Equity;Utilities
CMRB MM Equity;Consumer Discretionary
WALMEX* MM Equity;Consumer Staples
SCAR3 BZ Equity;Real Estate
CCU CI Equity;Consumer Staples
TPIS3 BZ Equity;Industrials
ORBIA* MM Equity;Materials
WATTS CI Equity;Consumer Staples
GCARSOA1 MM Equity;Industrials
PRIO3 BZ Equity;Energy
GFINBURO MM Equity;Financials
LJQQ3 BZ Equity;Consumer Discretionary
VOLARA MM Equity;Industrials
ENJU3 BZ Equity;Communication Services
SMU CI Equity;Consumer Staples
INTB3 BZ Equity;Information Technology
ROMI3 BZ Equity;Industrials
CSNA3 BZ Equity;Materials
VLID3 BZ Equity;Industrials
CHDRAUIB MM Equity;Consumer Staples
AMAR3 BZ Equity;Consumer Discretionary
CAML3 BZ Equity;Consumer Staples
SLCE3 BZ Equity;Consumer Staples
GCC* MM Equity;Materials
SONDA CI Equity;Information Technology
CONCHA CI Equity;Consumer Staples
WEGE3 BZ Equity;Industrials
GRUMAB MM Equity;Consumer Staples
SOJA3 BZ Equity;Consumer Staples
BBAS3 BZ Equity;Financials
POMALCC1 PE Equity;Consumer Staples
ARML3 BZ Equity;Industrials
DXCO3 BZ Equity;Materials
AZZA3 BZ Equity;Consumer Discretionary
AGRO3 BZ Equity;Consumer Staples
MYPK3 BZ Equity;Consumer Discretionary
CMPC CI Equity;Materials
LAMOSA* MM Equity;Industrials
CONCONC CB Equity;Industrials
CUERVO* MM Equity;Consumer Staples
RAIL3 BZ Equity;Industrials
SHOW3 BZ Equity;Communication Services
PTBL3 BZ Equity;Industrials
GRUPOARG CB Equity;Materials
SUZB3 BZ Equity;Materials
LUPA3 BZ Equity;Energy
GISSAA MM Equity;Consumer Discretionary
AMER3 BZ Equity;Consumer Discretionary
PMAM3 BZ Equity;Materials
ETER3 BZ Equity;Materials
POSI3 BZ Equity;Information Technology
TRAXIONA MM Equity;Industrials
AGUA* MM Equity;Industrials
INVCENC1 PE Equity;Real Estate
CGE CI Equity;Utilities
RECV3 BZ Equity;Energy
LABB MM Equity;Health Care
GMAT3 BZ Equity;Consumer Staples
ENJOY CI Equity;Consumer Discretionary
AENZAC1 PE Equity;Industrials
BRAV3 BZ Equity;Energy
ALPEKA MM Equity;Materials
VAMO3 BZ Equity;Industrials
VVEO3 BZ Equity;Health Care
SMTO3 BZ Equity;Consumer Staples
ELCOMEI1 PE Equity;Communication Services
CSAN3 BZ Equity;Consumer Discretionary
ETB CB Equity;Communication Services
LAND3 BZ Equity;Real Estate
JALL3 BZ Equity;Consumer Staples
AALR3 BZ Equity;Health Care
NATU3 BZ Equity;Consumer Staples
TUPY3 BZ Equity;Industrials
TOKY3 BZ Equity;Consumer Discretionary
INTPEBC1 PE Equity;Communication Services
HAPV3 BZ Equity;Health Care
GFSA3 BZ Equity;Consumer Discretionary
SEQL3 BZ Equity;Industrials
IFCM3 BZ Equity;Industrials
AMBP3 BZ Equity;Industrials
POPULA CB Equity;Financials
HIDROSI1 PE Equity;Industrials
ESTRA CB Equity;Consumer Discretionary
ELCONDOR CB Equity;Industrials
B1003 BZ Equity;Financials
OBTC3 BZ Equity;Consumer Discretionary
BAP US Equity;Financials
 IFS US Equity;Financials
 BVN US Equity;Materials
 NU US Equity;Financials
 STNE US Equity;Financials
 PAGS US Equity;Financials
 XP US Equity;Financials
